headline,mainEntityOfPage,image,datePublished,dateModified,author,media_en,media_jp,str_count,body,images,external_links
「来年のオファー待ってます」『24時間テレビ』マラソン乱入の迷惑系配信者　謝罪もSNSで見せていた“無反省”ぶり…4カ月前はひろゆきに“Tシャツぶん投げ”で物議（女性自身）,https://news.yahoo.co.jp/articles/31b123d580196da370b9e75b77a1dc337dfe1400,https://newsatcl-pctr.c.yimg.jp/t/amd-img/20260831-00000049-jisin-000-3-view.jpg?exp=10800,2026-08-31T19:35:11+09:00,2026-08-31T23:08:37+09:00,女性自身,jisin,女性自身,2364,星野真里のインスタグラムより 8月29日から30日にかけて放送された『24時間テレビ49』（日本テレビ系）。今年は女優・星野真里（45）がチャリティーランナーを務め、見事80キロを完走した。ゴール直前には国定指定難病「先天性ミオパチー」を抱える長女・ふうかさん（11）と涙の抱擁を交わし、感動のエンディングで幕を下ろした。 【写真あり】乱入した配信者が公開した“放送事故”の一部始終 また、電動車いすの贈呈をはじめ子供たちを支援する目的別募金「『できた！』を増やす子ども募金」の募金額は、番組終了時点で3億8054万円。“子どもたち自身が自分の居場所を選べるように”と願う星野の挑戦にエールが広がっていたが、マラソン中に発生した“乱入トラブル”が物議を醸している。 それはゴール地点の両国国技館まで、残すところあと1キロに迫った際のこと。星野がラストスパートをかけていたところ、水色のチャリティーTシャツを着た人物がカメラの前に飛び込んできたのだ。 この人物は「寄付金など1000万円以上着服」と記されたプラカードを掲げており、’23年11月に判明した系列・日本海テレビ幹部社員による寄付金着服問題への抗議を示していたものと思われる。 だが、この人物の乱入に現場は騒然。サポートランナーたちは懸命に星野をガードし、彼女を囲むように手を繋いでガード。星野も立ち止まると顔の前で両手を合わせ、不安そうな表情で視線を動かしていた。また、スタジオにいた山崎育三郎（40）がワイプで抜かれており、心配そうな表情で見守る姿が印象的だった。 この一幕は瞬く間にXでも注目を集め、次のような声が相次ぐことに。 《ガチ放送事故》 《一生懸命頑張って走ってるのに星野真里可哀想…》 《24時間マラソンのセキュリティガバガバかよ》（すべて原文ママ） 実は『24時間テレビ』のマラソンをめぐっては、昨年も“乱入トラブル”が物議を醸していた。あるWEBメディア記者は言う。 「昨年はSUPER EIGHT・横山裕さん（45）がランナーを務めましましたが、このときも“乱入トラブル”が起きていたのです。ある配信者が『タレントの高額なギャラ！障がい者ビジネス！』『24時間テレビは来年からヤメロー！』などと抗議し、警備員に取り押さえられる様子を収めた動画がSNSで拡散。星野さんのマラソン中に乱入した人物は、このときと同一人物だと見られています」 では、一体どんな配信者なのだろうか。 「31日18時時点でチャンネル登録者数580人ほどのYouTuberで、『ツイッチ』など他のプラットフォームでも活動するA氏です。昨年に引き続き、今年も『24時間テレビ』のマラソンに乱入した動画を公開しています。今年6月には、元ジャングルポケット・斉藤慎二被告（43）からバームクーヘンを購入する動画もアップしていました。 いっぽう、今年4月に幕張メッセで開催されたイベント『ニコニコ超会議』では、出演者の“ひろゆき”こと西村博之さん（49）めがけてビニール袋に入ったTシャツが投げ入れられるというハプニングがありました。ひろゆきさんにケガなどはありませんでしたが、Tシャツを投げ入れた人物はA氏だと見られています。 今回の『24時間テレビ』のマラソンに乱入するにあたり、A氏はSNSで“1カ月準備した”とも明かしていました」（前出・WEBメディア記者） そんななか、A氏に新たな動きが――。 A氏は31日に更新したYouTubeチャンネルで、『24時間テレビ』のマラソンに乱入したこと、ひろゆき氏にTシャツを投げ入れたことに言及し、「数々の迷惑行為、大変申し訳ございませんでした」と謝罪。その上で自らの行為について、「すごく偉そうでね、お金を持っている強い人間をですね、やっつけてやるという思いが強かったですね」と振り返った。 しかし、思うように視聴者が増えなかったことから、「迷惑系というものに、正直限界を感じています」とコメント。「ちゃんとリスナーを確保していきたいなという風に思いましたので、やむを得ず迷惑系を卒業することになりました」とし、まずは“30日間は迷惑せずに活動する”と宣言していた。 そんなA氏だが、本動画が公開された直後にはSNSでこうもつづっていた。 《来年は、正式に24時間テレビ出たいので オファー待ってます》 《冗談抜きで出たい パーフェクトヒューマンとかも踊るよ》 別の投稿では《実はそこまで24時間テレビアンチじゃない》とし、《僕の活動を認める事も多様性かなと思って やってる感じ だから毎回、この活動の時はTシャツを買ってる》とも明かしていたが……。あるテレビ局関係者は言う。 「『24時間テレビ』をめぐり、寄付金着服問題や酷暑でのマラソン企画に批判が集まっていたのは事実です。しかし番組に抗議するにしても、マラソンに乱入して現場を混乱させるような行動は決して許されるはずがありません。同番組では’22年、’23年のマラソンでも、A氏とは別の配信者が乱入しており、そうした迷惑系配信者から知名度を上げるために利用されている傾向にあります。 今回、星野さんのマラソンを妨害した配信者は、“迷惑行為をしても視聴者が増えない”と嘆いていました。さらに“24時間テレビに出演したい”と自分勝手なことまで言っており、自身の行いを反省しているようには全く見えません。 もし来年もチャリティーマラソンが実施されるのであれば、より厳重な警備体制が敷かれることになるでしょう。場合によっては、公道を使用しないことも検討されるのではないでしょうか」 日テレにおいて『24時間テレビ』は夏の風物詩だが、迷惑系配信者の妨害を事前に阻止する方法はあるだろうか。,[],[]
「スタイル抜群」元NHKアナ（32）　“ボディライン丸見え”ルックに反響続々…明かしていた“大胆なファッション”を好む理由（女性自身）,https://news.yahoo.co.jp/articles/2a70f0c9ab06943410bad59a882a17d5a7b4eebd,https://newsatcl-pctr.c.yimg.jp/t/amd-img/20260831-00000046-jisin-000-2-view.jpg?exp=10800,2026-08-31T19:10:30+09:00,2026-08-31T20:49:45+09:00,女性自身,jisin,女性自身,1322,中川安奈のインスタグラムより 《3週間ぶりのパーソナルトレーニング 運動はこれしかやってないので、サボればサボっただけ身体が衰えていってしまう… やらねば》 【写真あり】「いい身体」元NHKアナの”ボディライン丸見え”スタイル 8月26日、自身のXにこのように綴ったのは、元NHKアナウンサーで現在ではフリーで活躍する中川安奈アナ（32）。‘16年にNHKに入局し、「2020年東京オリンピック」の中継や『サンデースポーツ』（NHK系）のキャスターなどを担当。’25年3月にNHKを退局し、現在ではフリーアナウンサーのみならず、タレントとしてもSNSを中心に活動の幅を広げている。 今回注目が集まったのが、同ポストとともに投稿された室内の鏡越しでのセルフィー写真だった。 その写真で、中川は黒のキャップ、首元と腕に白の線が入ったブラウンのタイトなTシャツ、そして下半身は黒のスパッツという大胆なスタイルを披露。ボディラインがあらわな“ぴちぴちスパッツ”ルックにX上では《スタイル抜群な所を見せて良いねー》《素晴らしいプロポーションですね》《いい身体》などと様々な反響が上がっていた。 芸能関係者が続ける。 「中川さんは慶應義塾大学時代にダンスサークルに所属していたようで、以来、身体を動かすことがとても好きなのだとか。フリー転身後はジムでマンツーマンによるパーソナルトレーニングを開始し、今年8月には中学時代の先輩がインストラクターを務めているところで人生初のピラティスも行ったといいます。 今年8月には『週刊プレイボーイ』で初めてのグラビアにも挑戦。体形の維持のために腹筋運動やマシントレーニングに励む姿をSNSで発信しており、身体の輪郭が目立つその大胆なスタイルや格好には毎回反響の声が多く上がっている印象です」 昨年12月、中川は本誌の取材に対し、好きなファッションについてこのように語っていた。 《TPOを大切にしているので、華やかな場所に出るときはボディーラインが出る系ですね。欧米のように、その場所に合うようなファッションを心掛けています。私服はデニムが好きなので、ジーンズにオーバーサイズのスウェットなどを合わせて、オンとオフを分けるようにしています》（『女性自身』‘25年12月12日配信） 前出の芸能関係者が続ける。 「中川さんは3歳から6歳までフィンランド、10歳から14歳までプエルトリコで過ごした帰国子女で、英語とスペイン語が堪能なトリリンガルとしても知られています。海外では運動時や夏場には女性の多くが露出度の高い格好をするため、彼女のファッション感覚は“欧米スタイル”を基調としているのでしょう。 ただ、“NHKの元アナウンサー”にお硬いイメージを抱いている人も少なくなく、中川さんの大胆なファッションにはネット上で《無防備すぎない？》などと否定的な意見が上がることも。しかし、今年7月のX投稿では《タンクトップとかキャミソールって夏とかふつうに普段着としても着るよね？ そういうお洋服が好きなのも自分の個性の一つだと思ってるから、飽きるまで着るつもり》と綴るなど、周りからの視線はあまり気にしていないのだそうです」,[],[]
「四流国に落ち込んだ、この国」テレビから消えた人気芸人（55） 現代日本社会への“提言”が物議…それでも政治的発言を繰り返すワケ（女性自身）,https://news.yahoo.co.jp/articles/efd2e3cc642cf1bdbf132031dc554cb349473cb4,https://newsatcl-pctr.c.yimg.jp/t/amd-img/20260831-00000043-jisin-000-3-view.jpg?exp=10800,2026-08-31T18:55:08+09:00,2026-08-31T21:31:03+09:00,女性自身,jisin,女性自身,1545,星田英利（写真：本誌写真部） 旧芸名「ほっしゃん。」でお笑い芸人として活動していた俳優・星田英利（55）が、8月28日に自身のXを更新。そこでの発言がネット上で物議を醸している。 【写真あり】引退騒動から10年……元「ほっしゃん。」の最新近影 星田は《国際社会から、もはや三流国、四流国と認識されるまでに落ち込んだ、この国。》と現代の日本社会について痛烈な文章を書き出し、以下のように“提言”を行った。 《無知性の輩がカルトの経典みたくくり返す「日本を取り戻す」じゃなく、本当の意味で取り戻すために、まずは、レイシストが肩身が狭い思いをして、孤独で生きづらい、いや、生きていけない社会を作りましょう。》 星田の投稿にはXで《おっしゃる通りだと思います》《賛成です。目の前の差別を一つ一つ潰していこう。》《芸能人が政治的発言をすると叩かれがちな空気の中、これを公に言うのは胆力ある》といった賛同の声が上がったいっぽうで、《ホントの三流国、四流国がいかなるものか知ったほうが良いと思う》《どこのだれがそんなこと言ってるのでしょうか？確認したいので具体的な出典を明らかにしてください》と星田の発言を疑問視する声も見られた。 芸能ライターが続ける。 「具体的に星田さんがなにに反応してこの投稿を行ったのかは定かではありません。しかし彼はこれまでも折に触れてSNS上で政治的な発信を行っていることで知られています。最近ではイスラエル軍によるガザ地区への攻撃とその避難生活に関する書籍について紹介しているなど、中東情勢をはじめとした国際政治にも関心を払っている印象です。 今年8月15日の終戦記念日に《二度と大切な命を奪うことがないように。二度と大切な命を奪われることがないように。史実を修正することなく、被害の悲しみと同じように、多大な加害の罪の反省をきちんと背負って、きちん受け継ぐことが大事。戦争反対。黙祷。》と投稿。また同日には8月13日に施行された『国旗損壊罪』に言及し、《国旗どころか、国家を損壊しているのは誰だ？》とポストするなど、近年の日本の政治状況に大きな関心を寄せているようです」 星田のXアカウントのプロフィールには、「見るまで死なんリスト」と題した表が掲げられており、「シロナガスクジラ」「オーロラ」「エンジェルフォール」といった語が並ぶいっぽう、「アウシュビッツ」「投票率75％以上の世の中」という政治的なワードも少なくない。 彼には‘09年に産まれた長男、’16年に産まれた長女の2人の子供がいるが、“政治的な発言”を行う背景には将来世代への強い思いがあるのだという。 「星田さんは‘14年に芸名を本名に変更。その後、バラエティでの反応が悪くなるなどの“芸人としての衰え”を感じたそうで、現在ではお笑いの世界から距離をとって俳優としての活動に力を注いでいます。コロナ禍では仕事が激減し、インタビューでは“死ぬことも考えた”などと告白。その際に遺書として書きはじめられた文章がのちに小説になり、’24年に初小説『くちを失くした蝶』を発表しています。 Xの『見るまで死なんリスト』には『親になった息子と娘』と書かれているなど、星田さんの原動力は2人のお子さんのようで、数年前のSNS投稿では《政治的な発言はしないほうがいいよ。と人生を終えていく僕のことを心配してくれる優しさがあるなら、今の子供たちのこれからの未来と、その子達が生きていく日本の未来をいっぱい心配してあげてください》と発信し、大きな反響を得ていました。近年の政治的発言も、将来世代の未来を守りたいという思いが秘められているのでしょう」（芸能関係者） 国を憂う星田の提言は、現代社会にどのように響くのだろうか――。,[],[]
「百年遅れていると実感した」草間彌生さん死去　晩年はメディアに積極露出も…自著で明かしていた“メディアへの強烈な不信感”（女性自身）,https://news.yahoo.co.jp/articles/5fb7ea7487acf38e2027bcb3f31f66de487a08be,https://newsatcl-pctr.c.yimg.jp/t/amd-img/20260831-00000042-jisin-000-2-view.jpg?exp=10800,2026-08-31T18:55:03+09:00,2026-08-31T20:50:19+09:00,女性自身,jisin,女性自身,1629,草間彌生さん（写真：本誌写真部） 水玉模様や「かぼちゃ」の作品で世界的に知られる前衛芸術家・草間彌生さんが8月14日、97歳で亡くなった。草間さんの公式サイトによると、亡くなる直前まで創作を続けていたという。 【写真あり】「億は超える」鈴木京香が所有する草間彌生さんのInfinity Nets 1957年に渡米し、ニューヨークを拠点に前衛芸術家として活動した草間さん。帰国後も精力的に作品を発表し、文化功労者、文化勲章をはじめ国内外で数々の評価を受けてきた。近年はルイ・ヴィトンなど世界的ブランドとのコラボレーションをはじめ、水玉模様の彫刻が大々的にフィーチャーされ、「草間彌生」という存在自体が一つのブランドになった。真っ赤なかつらを被ってメディアに登場する彼女の姿は、現代アートに関心がない層からも知られる日本を代表する芸術家だった。 そんな「ポップアートのアイコン」ともいえる存在になった草間さんが、かつて自著のなかで日本のマスメディアに対して強い不信感をつづっていたことは、あまり知られていない。 2002年に作品社から刊行された自伝『無限の網―草間彌生自伝』のなかで、1950年代に単身渡米し、心の病と闘いながら前衛アーティストとして成功するまでの半生が綴られていた。 そのなかで草間さんが繰り返し批判しているのが、日本の美術界やマスメディアだった。 「1960年代後半から草間さんは、ニューヨークを中心にゲリラ的に裸の男女に、水玉模様のボディペインティングを施したり、ベトナム反戦を訴えて乱痴気騒ぎを仕掛けたり、既存の美術の枠を飛び越えた前衛的な表現を次々と展開していきました。 一方、日本ではその活動が十分に理解されず、スキャンダラスな側面ばかりが取り上げられ、バッシングを受けることが多々ありました」（美術評論家） しかし、同書のなかで草間さんは、そうした自分の活動が日本ではスキャンダラスな形で伝えられたことへの不満をたびたび語っている。 《ニューヨークの私のオフィスには、入れかわり立ちかわり日本人のライターやカメラマンが現われて、「あなたは日本で誤解されている。国辱ものだとさえ言う人がいる。私はそういうイメージを正すために来た」などと、調子のいい言葉を口にし、乱交パーティやヌード・ハプニングなどの取材をしていく。その間、食事や宿泊の世話までさせ、さんざん迷惑をかけておきながら、私を平気で裏切るのだった。 たとえば、Kというカメラマンは、私たちスタッフをさんざん利用し、約束を破り待ちぼうけをくわせ、挨拶もなく姿を消した男だが、彼はあたかも自分がこっそりと、秘密パーティに潜入して撮ったかのごとく言いふらして写真を発表し、私たちの協力を得たことにはまるでふれていなかった》 当時、オフィスには大学教授や芸術家、芸能人らも訪れていたが、草間さんは彼らについても同様に批判し、《ニューヨークに私を訪ねてくる日本人には、人間のクズのようなものが多かった》とさえ綴っている。 《日本は百年遅れていると実感した》と述べる草間さんにとって、当時の日本は自分の芸術を正しく受け入れてくれる存在ではなかったのかもしれない。 そんな草間さんの評価は、時代とともに大きく変わっていく。 1990年代以降、欧米の主要美術館で回顧展が開催され、日本でも大規模な展覧会が相次いだ。2016年には文化勲章を受章し、米タイム誌の「世界で最も影響力のある100人」にも選出。世界的アーティストとしての地位を確固たるものにした。 草間さんの逝去が伝えられた8月27日に、東京・新宿にある「草間彌生美術館」の前には海外から訪れた外国人観光客の姿が見られた。日本で十分に評価されなかった時期を経て、海外で先に評価を確立した草間さん。97年の人生には、かつて自分を理解しようとしなかった日本社会やメディアへの強烈な反骨心から生涯作品を作り続けた一人の芸術家の姿があった。,[],[]
「悲しいフライング」WEST.最年長メンバー　藤井流星＆小瀧望“電撃脱退”発表直前のブログにファンが抱いていた違和感（女性自身）,https://news.yahoo.co.jp/articles/341d567716ff1522ff297b3064e6803c64a138a7,https://newsatcl-pctr.c.yimg.jp/t/amd-img/20260831-00000040-jisin-000-1-view.jpg?exp=10800,2026-08-31T18:50:34+09:00,2026-08-31T18:50:34+09:00,女性自身,jisin,女性自身,1304,小瀧望と藤井流星インスタグラムより 8月30日深夜、STARTO ENTERTAINMENTは、7人組アイドルグループ「WEST.」から藤井流星（33）と小瀧望（30）が脱退することを発表した。 【写真あり】「悲しいフライング」藤井流星＆小瀧望“電撃脱退”発表直前に“意味深”なブログを投稿していたWEST.最年長メンバー 同社は公式サイトで、 《WEST.の今後の活動について協議を重ねる中、藤井および小瀧の両名よりWEST.を離れ新たな形で活動していきたい旨の申し出がございました。その想いを受けメンバーと協議を重ねてまいりましたが、両名の意思を尊重しふたりの決断を受け止めることといたしました》 と説明。脱退時期は現在、関係各所と調整中だという。藤井と小瀧は今後もSTARTO社に所属し、タレント活動を続けていく方針だ。 また、10月31日、11月1日に大阪・万博記念公園で開催予定の「KAMIGATA EXPO PARK FES 2026」については、《WEST.7名としての出演が困難》として、チケットの返金対応が行われることも発表された。 突然の発表にファンが動揺するなか、翌31日にはメンバーがそれぞれ有料ファンサイトのブログを更新。今回の決断を受けた心境を綴った。 一方、脱退発表前に更新された中間淳太（38）のブログに、一部のファンが違和感を抱いていた。 中間がブログを更新したのは、脱退発表当日の30日14時ごろ。内容は、翌31日に37歳の誕生日を迎えるメンバーの桐山照史を祝うものだった。 「中間さんは、桐山さんとの関係について、生まれ変わっても“シンメ”に選ぶという趣旨の内容を綴っていました。シンメとは、ステージ上などで左右対称の位置に立つ、いわば“対”となるメンバーのこと。中間さんと桐山さんは、関西ジャニーズJr.時代からユニット『B.A.D.』などで長年活動を共にしてきた、特に結びつきの強いコンビです。 それだけに、桐山さんの誕生日当日ではなく、あえて前日の30日に祝ったことに、ファンは違和感を覚えたようです。しかも、投稿されたのは藤井さんと小瀧さんの脱退発表の数時間前でしたからね。実際、X上では《淳太のブログなんで今日お祝いなんですか》《明日何か起きるの？》といった投稿も見られました」（アイドル情報誌ライター） そして、藤井と小瀧の脱退が発表されると、中間のブログを改めて読み返したファンから、 《中間淳太さんのブログが一日早い桐山くんへの誕生日メッセージだったのが、ラブレターのような遺言のような違和感がこれか…》 《中間くんのブログ“次のツアーが決まったら… ” を読んだ時、すごく違和感を感じてた。そういうことですか…》 《だから中間はブログで桐山の誕生日を今日､祝ったんだ｡明日は2人の脱退と活動協議中について触れないわけにはいかないからね､悲しいフライング》 《中間くんがこのタイミングでブログあげたのとか全部理解できちゃうやん…》 といった声が相次いでいる。 7人での活動に区切りをつけるWEST.は、これからどんな姿をファンに見せていくのだろうかーー。,[],[]
《首を締められる被害告白》宮崎麗果　DVで逮捕報道の夫・黒木啓司について語った「複雑な胸中」（女性自身）,https://news.yahoo.co.jp/articles/ab2a53277e3d3df48022991c10f1b24586197efb,https://newsatcl-pctr.c.yimg.jp/t/amd-img/20260831-00000037-jisin-000-4-view.jpg?exp=10800,2026-08-31T17:50:35+09:00,2026-08-31T20:19:46+09:00,女性自身,jisin,女性自身,1596,宮崎麗果のインスタグラムより 法人税など約1億5700万円を脱税したとして、7月に懲役2年6カ月、執行猶予4年の有罪判決を受けた実業家でインフルエンサーの宮崎麗果こと黒木麗香氏（38）。判決から1カ月が経ち、実業家としての活動やSNS更新を加速させるなか、8月28日にインスタライブを行った。 【写真あり】批判を爆増させた宮崎麗果の金満ぶりと大胆すぎる私生活ショット 起訴内容によれば、宮崎氏は知人男性に虚偽の領収書を作成させ、それを使って架空の業務委託費を計上。つまり、単なる申告上のミスではなく故意である上に、事業規模に比べて脱税額は多く、悪質性が指摘されていた。判決では、約4億9600万円の所得を隠し、法人税約1億2600万円、消費税約3100万円を免れたことが認定された。 判決直後のに7月18日に宮崎氏は、インスタグラムで《地に足をつけ、日々の行いを大切にしながら、皆様からの信頼を少しずつ取り戻せるよう、誠実に歩んでまいります》と反省の弁を述べていた。 この日のインスタライブでは視聴者から寄せられた脱税についての質問に答える形で、「初めての脱税ではないかと、今回の件もそうなんですけど、別に意図的に脱税したわけでは本当になくて」といい、「結果そういう風に判決が出ましたし、それに関しては重く受け止めていますけれども」と、故意に脱税したわけではないとの認識を示した。 また、「誰かに騙された結果、脱税に加担されたんですか？」との質問には、「ま、完全にそれはありますよ。もちろん」と回答。 さらに、報道されている内容について、「本当によく考えて欲しいんですけど、あんななんか報道されてる通りのこと、あんな分かりやすいこと、あんなバレることを普通にその通りにやると思いますかっていうね」と疑問を呈した。 一方で、自身にも反省すべき点があったとし、「悪くなかったわけじゃないし、色々悪かった部分はあるよ、もちろん。だから反省はしてますよ」としたうえで、「自分が傲慢だったりとか色々自慢しすぎてたりとか、なんか狙われる、目つけられる要因を作ったのもちろん私だし」と自身の責任についても言及。 さらに、騙されたことについても、「それを見抜けなかったりとか、そこになんだろうな、甘えたっていうか、ちゃんと調べなかったりとか、ちゃんと理解してなかったりとか、そういうのは本当になんか経営者としてマジで未熟だったなっていうのは本当に思います」と振り返った。 そして、話題は離婚協議中とされる黒木啓司氏（46）についても及んだ。8月上旬に「女性セブンプラス」が、黒木氏が宮崎氏に対するDV防止法に基づく保護命令法違反の疑いで逮捕されていたと報じていた。 宮崎氏も8月14日にインスタグラムで、黒木氏からDVを受けたと報道を事実上認め、保護命令を申し立てたことを自身のInstagramで公表。黒木氏から《断続的に首を絞められ、身体を切りつけられる》などの被害を受けたと訴えていた。 さらに、保護命令を申し立てた後も黒木氏からの接触が続き、2日間で電話やメッセージが約450件に及んだことなどを明かし、こうした経緯から黒木氏が逮捕されたことも報告していた。 今回のライブで黒木氏について尋ねられた宮崎氏は、「疑問があるのも、質問があるのもめっちゃ分かる」としつつ、長考した末に言葉を選びながら「子供の父親だし、恨んでない。恨んでないし、嫌な感情とかも本当になくて、ただ幸せになってほしい」と語った。 続けて、「だからなんかそれに関してこれ以上話さないことが、不誠実って思われても仕方ないんですけど、やっぱ守りたいものもあるので、そこはちょっと話せないかな」と説明した。 判決を重く受け止めるとしながらも、自身の認識や言い分を強く訴えた宮崎。沈黙を貫く黒木氏からのリアクションは果たしてあるのかーー。,[],[]
《6度の逮捕を経て…》消えた元“旧ジャニ”アイドル（40）　“巨大蜘蛛の巣”タトゥーに続き、肘にも刻まれていた“意外なデザイン”（女性自身）,https://news.yahoo.co.jp/articles/52b3b623aff0254064862b88d25bc7e11f685009,https://newsatcl-pctr.c.yimg.jp/t/amd-img/20260831-00000034-jisin-000-3-view.jpg?exp=10800,2026-08-31T17:35:30+09:00,2026-08-31T17:56:14+09:00,女性自身,jisin,女性自身,1400,ATMでおろした1万円を握りしめる田中聖 8月27日に突如としてInstagramのアカウントを開設し、ファンを沸かせた元“旧ジャニ”アイドル。これまでも身体に複数のタトゥーが確認されていたが、最新投稿では、肘に刻まれていた“意外なデザイン”が明らかになった。 【写真あり】消えた元“旧ジャニ”アイドル（40）の肘に刻まれていたタトゥー Instagramに近影をアップしたのは、元KAT-TUNの田中聖（40）だ。田中といえば、グループが人気絶頂のなか、「度重なるルール違反」を理由に旧ジャニーズ事務所を解雇。その後、6度にわたって逮捕されている。 2022年2月には覚せい剤取締法違反で逮捕され、同年6月には執行猶予付きの有罪判決を受けた。さらに、その直後には再び覚せい剤所持で逮捕され、懲役2年8か月の実刑が確定。2024年2月に収監されたが、今年2月には出所していたと「SmartFLASH」によって報じられている。 出所後の田中は、SNSで発信の場を広げているようだ。今年4月からTikTokの動画投稿や生配信をスタートさせ、得意のラップを披露。フォロワーは現在9万人を越えている。また、今月開設したInstagramも、27日からほぼ毎日のように投稿が続いており、さまざまな人物との交流をうかがわせるショットも公開している。 27日には、人気DJ集団「Repezen Foxx」の元メンバー・GINTA（30）との写真を公開。サウナで遭遇したようで、上半身裸の田中にびっしりと刻まれたタトゥーがあらわに。左右の肩甲骨周辺には、巨大な蜘蛛の巣のタトゥーが目立っていた。 同日には同じく「Repezen Foxx」の元メンバー・DJふぉい（30）とのショットも投稿。2人そろってピースサインを決めているが、半袖からのぞく腕には、2人とも隙間がないほどタトゥーが刻まれていた。 続く29日の投稿では、元YouTuber・ガーシー（54）や俳優・山田孝之（42）、元DA PUMPのDAICHI（37）らと食事しているプラベートショットをアップ。お酒を飲んでいるのか赤ら顔で、楽しそうにカメラに笑顔を向けている。ファンからは《山田孝之と田中聖で最高》《仁と仲良い孝之くんと聖が一緒にいるだけで泣ける》などと歓喜の声が続出した。 そして、31日の投稿では、街中でポーズを決める姿を3枚公開した。 「プロのカメラマンによる撮影ショットと思われます。3枚目は肘を強調するようなポーズで、肘の骨を中心に蜘蛛の巣が放射状に広がるデザインのタトゥーが確認できます。左右の肩甲骨だけでなく、肘にも同じ“蜘蛛の巣”のモチーフを刻んでいるようです。 田中さんといえば、グループ脱退直後の2013年9月にハロウィンを楽しむ姿を目撃された際にも、目の周りを蜘蛛の巣模様のメイクで彩っていました。たびたび登場する“蜘蛛の巣”は、田中さんにとって思い入れのあるモチーフなのでしょう」（芸能ライター） 投稿のコメント欄には、 《3枚目のタトゥー綺麗すぎる かっこいいー》 《何歳になってもかっこいいって最強だね！？》 《何年経ってもやっぱり変わらず男前 ずっと変わらず好き～》 と、変わらぬ人気ぶりをうかがわせる声が寄せられている。6度の逮捕を経て、再びSNSで発信を始めた田中に、ファンからは熱い視線が注がれているようだ。,[],[]
「走ってるだけだよ、公道だよ」日テレ『24時間テレビ』生放送中に“危険行為”…配信者が公開した“放送事故”の舞台裏（女性自身）,https://news.yahoo.co.jp/articles/9959cd11639acefe2f68c654edd61b1a123fe364,https://newsatcl-pctr.c.yimg.jp/t/amd-img/20260831-00000031-jisin-000-3-view.jpg?exp=10800,2026-08-31T17:20:11+09:00,2026-08-31T18:00:36+09:00,女性自身,jisin,女性自身,1179,星野真里のインスタグラムより 8月29日から30日にかけて放送された『24時間テレビ49』（日本テレビ系）。通算49回目となる今年の放送で、またしても視聴者をザワつかせる“放送事故”が起きてしまった――。 【写真あり】乱入した配信者が公開した“放送事故”の一部始終 「わたしの家族の話～あなたは誰を想う？～」をテーマに、内村光良（62）、羽鳥慎一（55）、日本テレビアナウンサーの水卜麻美（39）が総合司会を担当。チャリティーパートナーにはSixTONES、山崎育三郎（40）、芳根京子（29）が名を連ね、番組を通してさまざまな企画が展開された。 同番組の恒例企画であるチャリティーマラソンのランナーを務めたのは、女優の星野真里（45）。星野は2024年に長女が先天性ミオパチーを患っていることを公表しており、今年は星野の想いを受け、「できた！を増やす子ども募金」が新たに設けられた。厳しい暑さのなか、星野は80キロを走り抜き、番組終了時点の募金額は3億8000万円を超えた。 しかし、ゴールを目前にした星野を思わぬ出来事が襲った。 30日夜、両国国技館まであとわずかという地点で、水色のチャリティーTシャツを着た男性が中継カメラの前に突如乱入。男性は「寄付金など1000万円以上着服」と書かれたプラカードを掲げており、それは2023年に発覚した、系列局の元幹部社員による総額1118万円の着服問題を指摘する内容だった。スタッフがすぐに制止したものの、男性は奇声を上げるなどし、沿道は一時騒然となった。 乱入したのは、配信者A氏。同日未明、A氏は自身のXで《24時間テレビ抗議、今年も行きました》などと投稿し、同じプラカードを掲げて星野らの後ろをついて走る動画も公開。映像では、警備員から制止されると「走ってるだけだよ、公道だよ」と反論し、「ご協力お願いします」と声をかけられても「公道邪魔しちゃだめだよ」と言い返す場面もあった。 「A氏は31日にYouTubeを更新し、『数々の迷惑行為大変申し訳ございませんでした』とこれまでの行為を謝罪しています。『迷惑系というものに正直限界を感じている』とも語り、今後は『ちゃんとリスナーを確保していきたい』と説明。そのうえで、今回の行為を最後に『迷惑系をやめます』と宣言していました。ただ、『とりあえず30日』とも述べており、リスナーが増えなければ『また迷惑行為をします』とも話していました」（芸能ライター） 今回の放送事故に、Xでは 《がちでやばい…星野さん無事でよかった》 《本当に怖かった》 《問題を訴えることと、人の仕事を邪魔することは別の話》 《マラソンに乱入とかめちゃ迷惑》 など批判の声が相次いでいる。 長年続くチャリティー企画の裏で起きた今回の騒動。今後、番組側にはさらなる安全対策が求められそうだ。,[],[]
「1カ月で何があった」WEST.小瀧望　メンバーに号泣感謝で“残留宣言”から一転…“不穏”コメントで電撃脱退の落差にファン衝撃（女性自身）,https://news.yahoo.co.jp/articles/57ab133779a08c6b8cce4425edd01fffc0863c56,https://newsatcl-pctr.c.yimg.jp/t/amd-img/20260831-00000024-jisin-000-5-view.jpg?exp=10800,2026-08-31T16:25:48+09:00,2026-08-31T18:08:02+09:00,女性自身,jisin,女性自身,1686,小瀧望のインスタグラムより 8月30日、STARTO ENTERTAINMENTが公式サイトを通じ、所属グループ「WEST.」のメンバー・藤井流星（33）と小瀧望（30）が、グループを脱退することを発表した。 【動画あり】「ズレなんてなかった」WEST.脱退の小瀧望…1カ月前に語っていたメンバーへの思い 同社の声明では、脱退の経緯について、《WEST.の今後の活動について協議を重ねる中、藤井および小瀧の両名よりWEST.を離れ 新たな形で活動していきたい旨の申し出がございました》と説明。関係各所との調整が必要なため、正式な脱退時期は未定だが、二人とも同社に引き続き所属し、タレントとして活動を継続することは決定しているという。 '14年のデビュー以来、関西を代表するグループとして人気を博してきたWEST.。2人の脱退に伴い、グループは今後5人で活動していくというが、STARTO社は《改めまして、これまで7人のWEST.を応援していただきありがとうございます。それぞれの道を歩むこととなりました藤井流星と小瀧望、そしてWEST.をどうぞよろしくお願い申し上げます》と結んだ。 「この日、WEST.の有料ファンクラブでは、藤井さんと小瀧さんのコメントが掲載されました。小瀧さんは、入所以降めざしてきたアイドル像とグループの価値観にズレが生じ、そのような状況で活動を継続することは、ファンに対して“誠実ではない”との思いがあったと説明。いっぽう、藤井さんもグループの活動と自分が思い描く方向にズレが生じたといいます。さらに、二人とも今後について“怖い”“不安”と率直な思いを綴るなど、“円満”とは言い難い脱退劇ですね」（スポーツ紙記者） そんななか、SNSでは現在、WEST.をめぐる1カ月前の出来事が再注目を集めている。というのも、この時点では、小瀧はグループでの今後の活動について、前向きな言葉を語っていたからだ。 WEST.は7月30日、YouTubeチャンネルで、「WEST.【小瀧祝30歳！】全員でお祝い！」と題した動画を公開。同日、小瀧が30歳の誕生日を迎えたことで、メンバー全員の年齢が30歳以上となり、先輩メンバーたちが小瀧に誕生日ケーキを模した帽子をかぶせて、あたたかく祝っていた。 動画終盤では、メンバーの桐山照史（37）が、「30歳を迎えた望から、いつも応援してくれてるファンの皆様にメッセージを言ってあげてください」と促し、小瀧は「本当に、いつもいつも応援ありがとうございます。応援してよかったと思ってくれるようなタレントでありたいと思いますし、これからも現状に満足することなく、WEST.の小瀧望として頑張っていきたいと思います」とコメント。 そして、メンバーに対しても言葉を述べることになり、小瀧は思わず大粒の涙を流しながら、「やっぱりこのお兄さんたちには敵わないなと思いました。いつも横並びですけど、みんなお兄ちゃんの背中を見て育ってきましたから」と切り出すと、こう語っていた。 「おじいちゃんになっても、どこでやってるかわからないですけど、『ええじゃないか』って言えたら嬉しいなと思います。ありがとうございます」 小瀧の“残留宣言”とも取れる話を聞きながら、メンバーの重岡大毅（34）はもらい泣きするなど、WEST.の絆を感じさせる場面だったが……。ここから1カ月、ファンクラブの声明で、なにやら不穏なニュアンスを残しながら、脱退を発表した藤井と小瀧。Xでは、この急転直下の展開に、ファンの間ではこんな声が上がっている。 《これ見てwestは大丈夫だなって思ってたんだけどなぁ、、、、、、、、》 《これだけ想いが強かったから余計にしんどくなっちゃったのかな》 《お兄ちゃんたちにお祝いしてもらって嬉しくて泣いてるんだよ……なのになのに脱退なんて……誕生日ついこの間だったじゃん…》 《小瀧望の誕生日を祝った7人にはWEST?でいる未来しかなかったしズレなんてなかったと思う》 《1カ月で何があった》 ファンの喪失感は計り知れないようだ。,[],[]
「今見てもブチ切れとる」WEST.藤井流星＆小瀧望　電撃脱退の前兆？ファンをザワつかせた発表直前の「不穏な異変」（女性自身）,https://news.yahoo.co.jp/articles/9c0e8729550ef83ce8b04e6128d719bcdcd58a77,https://newsatcl-pctr.c.yimg.jp/t/amd-img/20260831-00000019-jisin-000-10-view.jpg?exp=10800,2026-08-31T15:25:49+09:00,2026-08-31T18:32:42+09:00,女性自身,jisin,女性自身,2202,小瀧望と藤井流星インスタグラムより 《WEST.の今後の活動について協議を重ねる中、藤井および小瀧の両名よりWEST.を離れ新たな形で活動していきたい旨の申し出がございました。その想いを受けメンバーと協議を重ねてまいりましたが、両名の意思を尊重しふたりの決断を受け止めることといたしました》 【動画あり】「今見てもブチ切れとる」脱退直前に見せていた藤井と小瀧の「不穏な異変」 STARTO ENTERTAINMENTは8月30日深夜、同社に所属する7人組アイドルグループ「WEST.」から藤井流星（33）と小瀧望（30）が脱退することを発表した。 同社の声明によれば、2人の脱退時期は現在関係各所と調整中とのこと。10月31日、11月1日には大阪・万博記念公園で開催される『KAMIGATA EXPO PARK FES 2026』に出演予定だったが、《WEST.7名としての出演が困難》としてチケットの返金対応が行われるという。 藤井と小瀧はSTARTO社に所属しながら、今後もタレント活動を続けていく方針が示されているが――。 「2人は脱退に際して、有料ファンサイトでコメントを発表しました。藤井さんは“グループの活動と自分が思い描いていた方向との間に少しずつ違いを感じるようになった”とし、小瀧さんも“目指してきたアイドル像とグループの価値観が少しずつズレていった”とほぼ同じ理由でした。日曜の深夜に突然発表されたこともあり、SNSではファンの悲鳴が広がっています。最近では2人とも舞台での仕事が増えていたので、今後は俳優活動に注力していくのかもしれません」（芸能ライター） いっぽうグループをめぐっては、メンバーの結婚ラッシュが続いていた。まず’25年1月に桐山照史（37）が、同年10月には神山智洋（33）が結婚を発表。そして今月9日に重岡大毅（34）と濵田崇裕（37）が同時に結婚を発表し、重岡には第一子も誕生していたことから衝撃が広がっていた。また、結婚ではないが、中間淳太（38）も昨年7月に熱愛が報じられている。 前出の芸能ライターはこう続ける。 「結婚はおめでたいことではありますが、他方で一度は100万人を達成したグループのYouTubeチャンネルの登録者数が減少するといった現象も見られました。時間やお金を費やしてグループを応援してきたファンのなかには、ショックのあまり離れていく人も少なくなかったようです。重岡さんと濵田さんの結婚発表翌日にアップされた動画では、コメント欄が荒れ気味になっていました」 藤井と小瀧がどのような部分で“グループとの価値観のズレ”を感じていたかは明らかにはなっていないが、一部のファンは約半月前から“異変”を感じとっていたようだ。 それはグループが8月14日に、ZOZOマリンスタジアム＆幕張メッセで開催された音楽フェス『SUMMER SONIC 2026』東京公演に出演したときのこと。メインステージの「MARINE STAGE」でトップバッターとして会場を盛り上げ、終演後には同フェスを配信する『WOWOW』のインタビュー動画にメンバー揃って出演していた。 インタビュー動画は同日夜に『WOWOW MUSIC』のXアカウントで公開されたが、波紋を呼んだのは他メンバーとの“温度差”を感じる藤井と小瀧の振舞いだった。 動画では、前方のソファに藤井、重岡、小瀧の順番で着席。その後ろに中間、神山、濵田、桐山が並んで立っていた。 冒頭で重岡が「トップバッターで選んでいただいてめちゃくちゃ嬉しかったです」と挨拶し、桐山に感想を求めるなど場を仕切っていたのだが……。 「1分20秒ほどの短い動画だったんですが、小瀧さんが一言もしゃべっていなかったんです。他のメンバーの話には頷く仕草を見せていたのですが、ほぼずっと“真顔”でしたね。 唯一笑顔を見せていたのは、藤井さんがマイクを持って話したときくらい。小瀧さんは重岡さんの背後から覗き見るように、藤井さんの顔を見つめていましたね。フェス直前にはSNSで“喉の調子がよくない”と明かしていたので、疲れていたのかなと思っていました。 藤井さんも重岡さんの話に反応したり、マイクを持って話したりしていたのですが、いつもより笑顔が少なかったのが気掛かりでした。どこか無理しているようにも見えて……。全体的にいつものようなワイワイとした雰囲気がなく、振り返れば、このときすでに脱退の話し合いが進められていたのかなと感じました」（WEST.のファン） 結果的にメンバー7人揃って出演したステージは、これが最後になってしまった。藤井と小瀧の脱退発表を受けて、「サマソニ」のインタビュー動画を思い出したファンもいたようだ。2人が見せていた不穏な空気に、Xでは改めて次のような声が上がっている。 《最悪な答え合わせ》 《お通夜サマソニが最後の現場だったのか、、》 《当時から言われてたけど、小瀧は藤井しか見てないんよな 確かに今見てもブチ切れとるわこれ》 《もう2人は抜ける覚悟できてたんだろうね．正直 抜けてくれて良かったょ。2人を応援します！》 《もうこの時ダメなんだなって確信したよね。小瀧望は藤井流星が話してる時は顔見てるけど後はシャットダウン。こんなに話が膨らまない事今まで1度もなかったからね》（すべて原文ママ）,[],[]
